Model,Accuracy,Precision-macro,Recall-macro,F1-macro,CV F1-macro Mean,CV F1-macro Std,Best Params,Training Time (s),Prediction Time (s)
SVM LINEAR,0.83234369542438,0.7524395573832369,0.7696099001106598,0.7598624789101377,0.749578214857376,0.010240970997448456,{'C': 10},1799.9539470672607,5.392233371734619
