Model,Accuracy,Precision-macro,Recall-macro,F1-macro,CV F1-macro Mean,CV F1-macro Std,Best Params,Training Time (s),Prediction Time (s)
Multinomial Naive Bayes,0.7453719874257771,0.6790353247517582,0.5801726833910398,0.5844717938089338,0.5823302385777673,0.008387775004514614,{'alpha': 0.01},1.1022748947143555,0.004415750503540039
